CDID,Title,PreUnit,Unit,Release Date,Next release,Important Notes
AGLX,Claimant Count : K02000001 UK : People : All ages : Computerised claims only : SA : Thousands,,000's,2024-12-17,2025-01-21,
AGLZ,Claimant Count : K02000001 UK : People : All ages : Up to 6 months : SA : Thousands,,000's,2024-12-17,2025-01-21,
AGMA,Claimant Count : K02000001 UK : Men : 25-49 yrs : Computerised claims only : SA : Thousands,,000's,2024-12-17,2025-01-21,
AGMC,Claimant Count : K02000001 UK : People : All ages : Over 6 and up to 12 months : SA : Thousands,,000's,2024-12-17,2025-01-21,
AGMD,Claimant Count : K02000001 UK : People : All ages : Over 12 Months : SA : Thousands,,000's,2024-12-17,2025-01-21,
AGMY,Claimant Count : K02000001 UK : People : All ages : Percentage Over 12 Months : SA : (%),,%,2024-12-17,2025-01-21,
AGMZ,Claimant Count : K02000001 UK : People : All ages : Over 24 Months  : SA : Thousands,,000's,2024-12-17,2025-01-21,
AGNA,Claimant Count : K02000001 UK : People : 18-24 yrs : Computerised claims only : SA : Thousands,,000's,2024-12-17,2025-01-21,
AGNB,Claimant Count : K02000001 UK : People : 18-24 yrs : Up to 6 months : SA : Thousands,,000's,2024-12-17,2025-01-21,
AGNC,Claimant Count : K02000001 UK : People : 18-24 yrs : Over 6 and up to 12 months : SA : Thousands,,000's,2024-12-17,2025-01-21,
AGND,Claimant Count : K02000001 UK : People : 18-24 yrs : Over 12 Months : SA : Thousands,,000's,2024-12-17,2025-01-21,
AGNE,Claimant Count : K02000001 UK : People : 18-24 yrs : Percentage Over 12 Months : SA : (%),,%,2024-12-17,2025-01-21,
AGNF,Claimant Count : K02000001 UK : People : 18-24 yrs : Over 24 Months  : SA : Thousands,,000's,2024-12-17,2025-01-21,
AGNG,Claimant Count : K02000001 UK : Men : All ages  : Computerised claims only : SA : Thousands,,000's,2024-12-17,2025-01-21,
AGXK,Claimant Count : K02000001 UK : Men : All ages  : Up to 6 months : SA : Thousands,,000's,2024-12-17,2025-01-21,
ALY5,UK Vacancies by size of enterprise - 1-9 employed (thousands),,,2024-12-17,2025-01-21,
ALY6,UK Vacancies by size of enterprise - 10-49 employed (thousands),,,2024-12-17,2025-01-21,
ALY7,UK Vacancies by size of enterprise - 50-249 employed (thousands),,,2024-12-17,2025-01-21,
ALY8,UK Vacancies by size of enterprise - 250-2499 employed (thousands),,,2024-12-17,2025-01-21,
ALY9,UK Vacancies by size of enterprise - 2500+ employed (thousands),,,2024-12-17,2025-01-21,
AP2Y,UK Vacancies (thousands) - Total,,,2024-12-17,2025-01-21,
AP2Z,UK Job Vacancies ratio per 100 emp jobs - Total,,,2024-12-17,2025-01-21,
BCJA,Claimant Count : K02000001 UK : People : NSA : Thousands,,,2024-12-17,2025-01-21,
BCJB,Claimant Count : K02000001 UK : People : NSA : Percentage (%),,%,2024-12-17,2025-01-21,
BCJD,Claimant Count : K02000001 UK : People : SA : Thousands,,,2024-12-17,2025-01-21,
BCJE,Claimant Count : K02000001 UK : People : SA : Percentage (%),,%,2024-12-17,2025-01-21,
BCJG,Claimant Count : K03000001 GB : People : NSA : Thousands,,,2024-12-17,2025-01-21,
BCJH,Claimant Count : K03000001 GB : People : NSA : Percentage (%),,%,2024-12-17,2025-01-21,
BCJI,Claimant Count : K03000001 GB : Men : NSA : Thousands,,,2024-12-17,2025-01-21,
BCJJ,Claimant Count : K03000001 GB : Women : NSA : Thousands,,,2024-12-17,2025-01-21,
BCKB,Claimant Count : E12000003 Yorkshire and The Humber : People : NSA : Thousands,,,2024-12-17,2025-01-21,
BCKC,Claimant Count : E12000004 East Midlands : People : NSA : Thousands,,,2024-12-17,2025-01-21,
BCKF,Claimant Count : E12000009 South West  : People : NSA : Thousands,,,2024-12-17,2025-01-21,
BCKG,Claimant Count : E12000005 West Midlands : People : NSA : Thousands,,,2024-12-17,2025-01-21,
BCKI,Claimant Count : W92000004 Wales  : People : NSA : Thousands,,,2024-12-17,2025-01-21,
BCKJ,Claimant Count : S92000003 Scotland : People : NSA : Thousands,,,2024-12-17,2025-01-21,
BCKK,Claimant Count : N92000002 Northern Ireland : People : NSA : Thousands,,,2024-12-17,2025-01-21,
DPAA,Claimant Count : K02000001 UK : Men : NSA : Thousands,,,2024-12-17,2025-01-21,
DPAB,Claimant Count : K02000001 UK : Women : NSA : Thousands,,,2024-12-17,2025-01-21,
DPAC,Claimant Count : K02000001 UK : Men : NSA : Percentage (%),,%,2024-12-17,2025-01-21,
DPAD,Claimant Count : K02000001 UK : Women : NSA : Percentage (%),,%,2024-12-17,2025-01-21,
DPAE,Claimant Count : K02000001 UK : Men : SA : Thousands,,,2024-12-17,2025-01-21,
DPAF,Claimant Count : K02000001 UK : Women : SA : Thousands,,,2024-12-17,2025-01-21,
DPAG,Claimant Count : K03000001 GB : People : SA : Thousands,,,2024-12-17,2025-01-21,
DPAH,Claimant Count : K02000001 UK : Men : SA : Percentage (%),,%,2024-12-17,2025-01-21,
DPAI,Claimant Count : K02000001 UK : Women : SA : Percentage (%),,%,2024-12-17,2025-01-21,
DPAJ,Claimant Count : K03000001 GB : People : SA : Percentage (%),,%,2024-12-17,2025-01-21,
DPAM,Claimant Count : E12000003 Yorkshire and The Humber : People : NSA : Percentage (%),,%,2024-12-17,2025-01-21,
DPAN,Claimant Count : E12000004 East Midlands : People : NSA : Percentage (%),,%,2024-12-17,2025-01-21,
DPAQ,Claimant Count : E12000009 South West  : People : NSA : Percentage (%),,%,2024-12-17,2025-01-21,
DPAR,Claimant Count : E12000005 West Midlands : People : NSA : Percentage (%),,%,2024-12-17,2025-01-21,
DPAT,Claimant Count : W92000004 Wales  : People : NSA : Percentage (%),,%,2024-12-17,2025-01-21,
DPAU,Claimant Count : S92000003 Scotland : People : NSA : Percentage (%),,%,2024-12-17,2025-01-21,
DPAV,Claimant Count : N92000002 Northern Ireland : People : NSA : Percentage (%),,%,2024-12-17,2025-01-21,
DPAX,Claimant Count : E12000003 Yorkshire and The Humber : People : SA : Thousands,,,2024-12-17,2025-01-21,
DPAY,Claimant Count : E12000004 East Midlands : People : SA : Thousands,,,2024-12-17,2025-01-21,
DPBB,Claimant Count : E12000009 South West  : People : SA : Thousands,,,2024-12-17,2025-01-21,
DPBC,Claimant Count : E12000005 West Midlands : People : SA : Thousands,,,2024-12-17,2025-01-21,
DPBE,Claimant Count : W92000004 Wales  : People : SA : Thousands,,,2024-12-17,2025-01-21,
DPBF,Claimant Count : S92000003 Scotland : People : SA : Thousands,,,2024-12-17,2025-01-21,
DPBG,Claimant Count : N92000002 Northern Ireland : People : SA : Thousands,,,2024-12-17,2025-01-21,
DPBI,Claimant Count : E12000003 Yorkshire and The Humber : People : SA : Percentage (%),,%,2024-12-17,2025-01-21,
DPBJ,Claimant Count : E12000004 East Midlands : People : SA : Percentage (%),,%,2024-12-17,2025-01-21,
DPBM,Claimant Count : E12000009 South West  : People : SA : Percentage (%),,%,2024-12-17,2025-01-21,
DPBN,Claimant Count : E12000005 West Midlands : People : SA : Percentage (%),,%,2024-12-17,2025-01-21,
DPBP,Claimant Count : W92000004 Wales  : People : SA : Percentage (%),,%,2024-12-17,2025-01-21,
DPBQ,Claimant Count : S92000003 Scotland : People : SA : Percentage (%),,%,2024-12-17,2025-01-21,
DPBR,Claimant Count : N92000002 Northern Ireland : People : SA : Percentage (%),,%,2024-12-17,2025-01-21,
DPCF,Claimant Count : E12000001 North East : People : NSA : Thousands,,,2024-12-17,2025-01-21,
DPCI,Claimant Count : E12000006 East : People : NSA : Thousands,,,2024-12-17,2025-01-21,
DPCJ,Claimant Count : E12000007 London : People : NSA : Thousands,,,2024-12-17,2025-01-21,
DPCK,Claimant Count : E12000008 South East : People : NSA : Thousands,,,2024-12-17,2025-01-21,
DPDA,Claimant Count : E12000001 North East : People : NSA : Percentage (%),,%,2024-12-17,2025-01-21,
DPDD,Claimant Count : E12000006 East : People : NSA : Percentage (%),,%,2024-12-17,2025-01-21,
DPDE,Claimant Count : E12000007 London : People : NSA : Percentage (%),,%,2024-12-17,2025-01-21,
DPDF,Claimant Count : E12000008 South East : People : NSA : Percentage (%),,%,2024-12-17,2025-01-21,
DPDG,Claimant Count : E12000001 North East : People : SA : Thousands,,,2024-12-17,2025-01-21,
DPDJ,Claimant Count : E12000006 East : People : SA : Thousands,,,2024-12-17,2025-01-21,
DPDK,Claimant Count : E12000007 London : People : SA : Thousands,,,2024-12-17,2025-01-21,
DPDL,Claimant Count : E12000008 South East : People : SA : Thousands,,,2024-12-17,2025-01-21,
DPDM,Claimant Count : E12000001 North East : People : SA : Percentage (%),,%,2024-12-17,2025-01-21,
DPDP,Claimant Count : E12000006 East : People : SA : Percentage (%),,%,2024-12-17,2025-01-21,
DPDQ,Claimant Count : E12000007 London : People : SA : Percentage (%),,%,2024-12-17,2025-01-21,
DPDR,Claimant Count : E12000008 South East : People : SA : Percentage (%),,%,2024-12-17,2025-01-21,
ELNP,Claimant Count : K02000001 UK : Men : All ages  : Over 6 and up to 12 months : SA : Thousands,,000's,2024-12-17,2025-01-21,
ELON,Claimant Count : K02000001 UK : Men : All ages  : Over 12 Months : SA : Thousands,,000's,2024-12-17,2025-01-21,
GBHG,Claimant Count : K02000001 UK : Men : All ages  : Percentage Over 12 Months : SA : (%),,%,2024-12-17,2025-01-21,
GEYU,Claimant Count : K02000001 UK : Women : 18-24 yrs : Over 24 Months  : NSA : Thousands,,,2024-12-17,2025-01-21,
GEYV,Claimant Count : K02000001 UK : People : All Ages : Computerised claims only : NSA : Thousands,,,2024-12-17,2025-01-21,
GEYW,Claimant Count : K02000001 UK : People : All Ages : Up to 6 months : NSA : Thousands,,,2024-12-17,2025-01-21,
GEYX,Claimant Count : K02000001 UK : People : All Ages : Over 6 and up to 12 months : NSA : Thousands,,,2024-12-17,2025-01-21,
GEYY,Claimant Count : K02000001 UK : People : All Ages : Over 12 Months : NSA : Thousands,,,2024-12-17,2025-01-21,
GEYZ,Claimant Count : K02000001 UK : People : All Ages : Over 24 Months  : NSA : Thousands,,,2024-12-17,2025-01-21,
GEZA,Claimant Count : K02000001 UK : People : 18-24 yrs : Computerised claims only : NSA : Thousands,,,2024-12-17,2025-01-21,
GEZB,Claimant Count : K02000001 UK : People : 18-24 yrs : Up to 6 months : NSA : Thousands,,,2024-12-17,2025-01-21,
GEZC,Claimant Count : K02000001 UK : People : 18-24 yrs : Over 6 and up to 12 months : NSA : Thousands,,,2024-12-17,2025-01-21,
GEZD,Claimant Count : K02000001 UK : People : 18-24 yrs : Over 12 Months : NSA : Thousands,,,2024-12-17,2025-01-21,
GEZE,Claimant Count : K02000001 UK : People : 18-24 yrs : Over 24 Months  : NSA : Thousands,,,2024-12-17,2025-01-21,
GEZF,Claimant Count : K02000001 UK : People : 25-49 yrs : Computerised claims only : NSA : Thousands,,,2024-12-17,2025-01-21,
GEZG,Claimant Count : K02000001 UK : Men : All ages : Computerised claims only : NSA : Thousands,,,2024-12-17,2025-01-21,
GEZH,Claimant Count : K02000001 UK : Men : All Ages : Up to 6 months : NSA : Thousands,,,2024-12-17,2025-01-21,
GEZI,Claimant Count : K02000001 UK : Men : All Ages : Over 6 and up to 12 months : NSA : Thousands,,,2024-12-17,2025-01-21,
GEZJ,Claimant Count : K02000001 UK : Men : All Ages : Over 12 Months : NSA : Thousands,,,2024-12-17,2025-01-21,
GEZK,Claimant Count : K02000001 UK : Men : All Ages : Over 24 Months  : NSA : Thousands,,,2024-12-17,2025-01-21,
GEZL,Claimant Count : K02000001 UK : Men : 18-24 yrs : Computerised claims only : NSA : Thousands,,,2024-12-17,2025-01-21,
GEZM,Claimant Count : K02000001 UK : Men : 18-24 yrs : Up to 6 months : NSA : Thousands,,,2024-12-17,2025-01-21,
GEZN,Claimant Count : K02000001 UK : Men : 18-24 yrs : Over 6 and up to 12 months : NSA : Thousands,,,2024-12-17,2025-01-21,
GEZO,Claimant Count : K02000001 UK : Men : 18-24 yrs : Over 12 Months : NSA : Thousands,,,2024-12-17,2025-01-21,
GEZP,Claimant Count : K02000001 UK : Men : 18-24 yrs : Over 24 Months  : NSA : Thousands,,,2024-12-17,2025-01-21,
GEZQ,Claimant Count : K02000001 UK : People : 25-49 yrs : Over 24 Months  : NSA : Thousands,,,2024-12-17,2025-01-21,
GEZR,Claimant Count : K02000001 UK : Women : All ages : Computerised claims only : NSA : Thousands,,,2024-12-17,2025-01-21,
GEZS,Claimant Count : K02000001 UK : Women : All ages  : Up to 6 months : NSA : Thousands,,,2024-12-17,2025-01-21,
GEZT,Claimant Count : K02000001 UK : Women : All ages  : Over 6 and up to 12 months : NSA : Thousands,,,2024-12-17,2025-01-21,
GEZU,Claimant Count : K02000001 UK : Women : All ages  : Over 12 Months : NSA : Thousands,,,2024-12-17,2025-01-21,
GEZV,Claimant Count : K02000001 UK : Women : All ages  : Over 24 Months  : NSA : Thousands,,,2024-12-17,2025-01-21,
GEZW,Claimant Count : K02000001 UK : Women : 18-24 yrs : Computerised claims only : NSA : Thousands,,,2024-12-17,2025-01-21,
GEZX,Claimant Count : K02000001 UK : Women : 18-24 yrs : Up to 6 months : NSA : Thousands,,,2024-12-17,2025-01-21,
GEZY,Claimant Count : K02000001 UK : Women : 18-24 yrs : Over 6 and up to 12 months : NSA : Thousands,,,2024-12-17,2025-01-21,
GEZZ,Claimant Count : K02000001 UK : Women : 18-24 yrs : Over 12 Months : NSA : Thousands,,,2024-12-17,2025-01-21,
IACI,Claimant Count : K02000001 UK : Men : 25-49 yrs : Computerised claims only : NSA : Thousands,,,2024-12-17,2025-01-21,
IACJ,Claimant Count : K02000001 UK : Women : 25-49 yrs : Computerised claims only : NSA : Thousands,,,2024-12-17,2025-01-21,
IACK,Claimant Count : K02000001 UK : Men : 25-49 yrs : Up to 6 months : NSA : Thousands,,,2024-12-17,2025-01-21,
IACL,Claimant Count : K02000001 UK : Women : 25-49 yrs : Up to 6 months : NSA : Thousands,,,2024-12-17,2025-01-21,
IACM,Claimant Count : K02000001 UK : People : 25-49 yrs : Up to 6 months : NSA : Thousands,,,2024-12-17,2025-01-21,
IACN,Claimant Count : K02000001 UK : Men : 25-49 yrs : Over 6 and up to 12 months : NSA : Thousands,,,2024-12-17,2025-01-21,
IACO,Claimant Count : K02000001 UK : Women : 25-49 yrs : Over 6 and up to 12 months : NSA : Thousands,,000's,2024-12-17,2025-01-21,
IACP,Claimant Count : K02000001 UK : People : 25-49 yrs : Over 6 and up to 12 months : NSA : Thousands,,,2024-12-17,2025-01-21,
IACQ,Claimant Count : K02000001 UK : Men : 25-49 yrs : Over 12 Months : NSA : Thousands,,,2024-12-17,2025-01-21,
IACR,Claimant Count : K02000001 UK : Women : 25-49 yrs : Over 12 Months : NSA : Thousands,,,2024-12-17,2025-01-21,
IACS,Claimant Count : K02000001 UK : People : 25-49 yrs : Over 12 Months : NSA : Thousands,,,2024-12-17,2025-01-21,
IACT,Claimant Count : K02000001 UK : Men : 25-49 yrs : Over 24 Months  : NSA : Thousands,,,2024-12-17,2025-01-21,
IACU,Claimant Count : K02000001 UK : Women : 25-49 yrs : Over 24 Months  : NSA : Thousands,,,2024-12-17,2025-01-21,
IACV,Claimant Count : K02000001 UK : People : 50+ yrs : Computerised claims only : NSA : Thousands,,,2024-12-17,2025-01-21,
IACW,Claimant Count : K02000001 UK : Men : 50+ yrs : Computerised claims only : NSA : Thousands,,,2024-12-17,2025-01-21,
IACX,Claimant Count : K02000001 UK : Women : 50+ yrs : Computerised claims only : NSA : Thousands,,,2024-12-17,2025-01-21,
IACY,Claimant Count : K02000001 UK : People : 50+ yrs : Up to 6 months : NSA : Thousands,,,2024-12-17,2025-01-21,
IACZ,Claimant Count : K02000001 UK : Men : 50+ yrs : Up to 6 months : NSA : Thousands,,,2024-12-17,2025-01-21,
IADA,Claimant Count : K02000001 UK : Women : 50+ yrs : Up to 6 months : NSA : Thousands,,,2024-12-17,2025-01-21,
IADB,Claimant Count : K02000001 UK : People : 50+ yrs : Over 6 and up to 12 months : NSA : Thousands,,,2024-12-17,2025-01-21,
IADC,Claimant Count : K02000001 UK : Men : 50+ yrs : Over 6 and up to 12 months : NSA : Thousands,,,2024-12-17,2025-01-21,
IADD,Claimant Count : K02000001 UK : Women : 50+ yrs : Over 6 and up to 12 months : NSA : Thousands,,,2024-12-17,2025-01-21,
IADE,Claimant Count : K02000001 UK : People : 50+ yrs : Over 12 Months : NSA : Thousands,,,2024-12-17,2025-01-21,
IADF,Claimant Count : K02000001 UK : Men : 50+ yrs : Over 12 Months : NSA : Thousands,,,2024-12-17,2025-01-21,
IADG,Claimant Count : K02000001 UK : Women : 50+ yrs : Over 12 Months : NSA : Thousands,,,2024-12-17,2025-01-21,
IADH,Claimant Count : K02000001 UK : People : 50+ yrs : Over 24 Months  : NSA : Thousands,,,2024-12-17,2025-01-21,
IADI,Claimant Count : K02000001 UK : Men : 50+ yrs : Over 24 Months  : NSA : Thousands,,,2024-12-17,2025-01-21,
IADJ,Claimant Count : K02000001 UK : Women : 50+ yrs : Over 24 Months  : NSA : Thousands,,,2024-12-17,2025-01-21,
IBWA,Claimant Count : E12000002 North West : People : SA : Thousands,,,2024-12-17,2025-01-21,
IBWB,Claimant Count : E12000002 North West : People : NSA : Thousands,,,2024-12-17,2025-01-21,
IBWC,Claimant Count : E12000002 North West : People : SA : Percentage (%),,%,2024-12-17,2025-01-21,
IBWD,Claimant Count : E12000002 North West : People : NSA : Percentage (%),,%,2024-12-17,2025-01-21,
IBWK,Claimant Count : E92000001 England : People : SA : Thousands,,,2024-12-17,2025-01-21,
IKBS,Claimant Count : K02000001 UK : Men : All ages  : Over 24 Months  : SA : Thousands,,000's,2024-12-17,2025-01-21,
JLGC,Claimant Count : K02000001 UK : Men : 18-24 yrs : Computerised claims only : SA : Thousands,,000's,2024-12-17,2025-01-21,
JLGD,Claimant Count : K02000001 UK : Men : 18-24 yrs : Up to 6 months : SA : Thousands,,000's,2024-12-17,2025-01-21,
JLGE,Claimant Count : K02000001 UK : Men : 18-24 yrs : Over 6 and up to 12 months : SA : Thousands,,000's,2024-12-17,2025-01-21,
JLGF,Claimant Count : K02000001 UK : Men : 18-24 yrs : Over 12 Months : SA : Thousands,,000's,2024-12-17,2025-01-21,
JLGG,Claimant Count : K02000001 UK : Men : 18-24 yrs : Percentage Over 12 Months : SA : (%),,%,2024-12-17,2025-01-21,
JLGH,Claimant Count : K02000001 UK : Men : 18-24 yrs : Over 24 Months  : SA : Thousands,,000's,2024-12-17,2025-01-21,
JLGI,Claimant Count : K02000001 UK : Women : All ages  : Computerised claims only : SA : Thousands,,000's,2024-12-17,2025-01-21,
JLGJ,Claimant Count : K02000001 UK : Women : All ages  : Over 6 and up to 12 months : SA : Thousands,,000's,2024-12-17,2025-01-21,
JLGK,Claimant Count : K02000001 UK : Women : All ages  : Up to 6 months : SA : Thousands,,000's,2024-12-17,2025-01-21,
JLGL,Claimant Count : K02000001 UK : Women : All ages  : Over 12 Months : SA : Thousands,,000's,2024-12-17,2025-01-21,
JLGM,Claimant Count : K02000001 UK : Women : All ages  : Percentage Over 12 Months : SA : (%),,%,2024-12-17,2025-01-21,
JLGN,Claimant Count : K02000001 UK : Women : All ages  : Over 24 Months  : SA : Thousands,,000's,2024-12-17,2025-01-21,
JLGO,Claimant Count : K02000001 UK : Women : 18-24 yrs : Computerised claims only : SA : Thousands,,000's,2024-12-17,2025-01-21,
JLGP,Claimant Count : K02000001 UK : Women : 18-24 yrs : Up to 6 months : SA : Thousands,,000's,2024-12-17,2025-01-21,
JLGQ,Claimant Count : K02000001 UK : Women : 18-24 yrs : Over 6 and up to 12 months : SA : Thousands,,000's,2024-12-17,2025-01-21,
JLGR,Claimant Count : K02000001 UK : Women : 18-24 yrs : Over 12 Months : SA : Thousands,,000's,2024-12-17,2025-01-21,
JLGS,Claimant Count : K02000001 UK : Women : 18-24 yrs : Percentage Over 12 Months : SA : (%),,%,2024-12-17,2025-01-21,
JLGT,Claimant Count : K02000001 UK : Women : 18-24 yrs : Over 24 Months  : SA : Thousands,,000's,2024-12-17,2025-01-21,
JLGU,Claimant Count : K02000001 UK : People : 25-49 yrs : Computerised claims only : SA : Thousands,,000's,2024-12-17,2025-01-21,
JLGV,Claimant Count : K02000001 UK : People : 25-49 yrs : Up to 6 months : SA : Thousands,,000's,2024-12-17,2025-01-21,
JLGW,Claimant Count : K02000001 UK : People : 25-49 yrs : Over 6 and up to 12 months : SA : Thousands,,000's,2024-12-17,2025-01-21,
JLGX,Claimant Count : K02000001 UK : People : 25-49 yrs : Over 12 Months : SA : Thousands,,000's,2024-12-17,2025-01-21,
JLGY,Claimant Count : K02000001 UK : People : 25-49 yrs : Percentage Over 12 Months : SA : (%),,%,2024-12-17,2025-01-21,
JLGZ,Claimant Count : K02000001 UK : People : 25-49 yrs : Over 24 Months  : SA : Thousands,,000's,2024-12-17,2025-01-21,
JLHA,Claimant Count : K02000001 UK : People : 50+ yrs : Computerised claims only : SA : Thousands,,000's,2024-12-17,2025-01-21,
JLHB,Claimant Count : K02000001 UK : People : 50+ yrs : Up to 6 months : SA : Thousands,,000's,2024-12-17,2025-01-21,
JLHC,Claimant Count : K02000001 UK : People : 50+ yrs : Over 6 and up to 12 months : SA : Thousands,,000's,2024-12-17,2025-01-21,
JLHD,Claimant Count : K02000001 UK : People : 50+ yrs : Over 12 Months : SA : Thousands,,000's,2024-12-17,2025-01-21,
JLHE,Claimant Count : K02000001 UK : People : 50+ yrs : Percentage Over 12 Months : SA : (%),,%,2024-12-17,2025-01-21,
JLHF,Claimant Count : K02000001 UK : People : 50+ yrs : Over 24 Months  : SA : Thousands,,000's,2024-12-17,2025-01-21,
JLHG,Claimant Count : K02000001 UK : Men : 25-49 yrs : Up to 6 months : SA : Thousands,,000's,2024-12-17,2025-01-21,
JLHH,Claimant Count : K02000001 UK : Men : 25-49 yrs : Over 6 and up to 12 months : SA : Thousands,,000's,2024-12-17,2025-01-21,
JLHI,Claimant Count : K02000001 UK : Men : 25-49 yrs : Over 12 Months : SA : Thousands,,000's,2024-12-17,2025-01-21,
JLHJ,Claimant Count : K02000001 UK : Men : 25-49 yrs : Percentage Over 12 Months : SA : (%),,%,2024-12-17,2025-01-21,
JLHK,Claimant Count : K02000001 UK : Men : 25-49 yrs : Over 24 Months  : SA : Thousands,,000's,2024-12-17,2025-01-21,
JLHL,Claimant Count : K02000001 UK : Men : 50+ yrs : Computerised claims only : SA : Thousands,,000's,2024-12-17,2025-01-21,
JLHM,Claimant Count : K02000001 UK : Men : 50+ yrs : Up to 6 months : SA : Thousands,,000's,2024-12-17,2025-01-21,
JLHN,Claimant Count : K02000001 UK : Men : 50+ yrs : Over 6 and up to 12 months : SA : Thousands,,000's,2024-12-17,2025-01-21,
JLHO,Claimant Count : K02000001 UK : Men : 50+ yrs : Over 12 Months : SA : Thousands,,000's,2024-12-17,2025-01-21,
JLHP,Claimant Count : K02000001 UK : Men : 50+ yrs : Percentage Over 12 Months : SA : (%),,%,2024-12-17,2025-01-21,
JLHQ,Claimant Count : K02000001 UK : Men : 50+ yrs : Over 24 Months  : SA : Thousands,,000's,2024-12-17,2025-01-21,
JLHR,Claimant Count : K02000001 UK : Women : 25-49 yrs : Computerised claims only : SA : Thousands,,000's,2024-12-17,2025-01-21,
JLHS,Claimant Count : K02000001 UK : Women : 25-49 yrs : Up to 6 months : SA : Thousands,,000's,2024-12-17,2025-01-21,
JLHT,Claimant Count : K02000001 UK : Women : 25-49 yrs : Over 6 and up to 12 months : SA : Thousands,,000's,2024-12-17,2025-01-21,
JLHU,Claimant Count : K02000001 UK : Women : 25-49 yrs : Over 12 Months : SA : Thousands,,000's,2024-12-17,2025-01-21,
JLHV,Claimant Count : K02000001 UK : Women : 25-49 yrs : Percentage Over 12 Months : SA : (%),,%,2024-12-17,2025-01-21,
JLHW,Claimant Count : K02000001 UK : Women : 25-49 yrs : Over 24 Months  : SA : Thousands,,000's,2024-12-17,2025-01-21,
JLHX,Claimant Count : K02000001 UK : Women : 50+ yrs : Computerised claims only : SA : Thousands,,000's,2024-12-17,2025-01-21,
JLHY,Claimant Count : K02000001 UK : Women : 50+ yrs : Up to 6 months : SA : Thousands,,000's,2024-12-17,2025-01-21,
JLHZ,Claimant Count : K02000001 UK : Women : 50+ yrs : Over 6 and up to 12 months : SA : Thousands,,000's,2024-12-17,2025-01-21,
JLIA,Claimant Count : K02000001 UK : Women : 50+ yrs : Over 12 Months : SA : Thousands,,000's,2024-12-17,2025-01-21,
JLIB,Claimant Count : K02000001 UK : Women : 50+ yrs : Percentage Over 12 Months : SA : (%),,%,2024-12-17,2025-01-21,
JLIC,Claimant Count : K02000001 UK : Women : 50+ yrs : Over 24 Months  : SA : Thousands,,000's,2024-12-17,2025-01-21,
JP9H,UK Job Vacancies (thousands) - Mining & Quarrying,,,2024-12-17,2025-01-21,
JP9I,UK Job Vacancies (thousands) - Manufacturing,,,2024-12-17,2025-01-21,
JP9J,"UK Job Vacancies (thousands) - Electricity, Gas, Steam & Air Con Supply",,,2024-12-17,2025-01-21,
JP9K,"UK Job Vacancies (thousands) - Water Supply, Sewarage, Waste Management etc.",,,2024-12-17,2025-01-21,
JP9L,UK Job Vacancies (thousands) - Construction,,,2024-12-17,2025-01-21,
JP9M,"UK Job Vacancies (thousands) - Wholesale & Retail, Repair of motor vehicles.",,,2024-12-17,2025-01-21,
JP9N,UK Job Vacancies (thousands) - Transport & Storage,,,2024-12-17,2025-01-21,
JP9O,UK Job Vacancies (thousands) - Accommodation & Food Services Activities.,,,2024-12-17,2025-01-21,
JP9P,UK Job Vacancies (thousands) - Information & Communication.,,,2024-12-17,2025-01-21,
JP9Q,UK Job Vacancies (thousands) - Financial & Insurance Activities.,,,2024-12-17,2025-01-21,
JP9R,UK Job Vacancies (thousands) - Real Estate Activities.,,,2024-12-17,2025-01-21,
JP9S,"UK Job Vacancies (thousands) - Professional, Scientific & Technical Activities.",,,2024-12-17,2025-01-21,
JP9T,UK Job Vacancies (thousands) - Administrative & Support Service Activities.,,,2024-12-17,2025-01-21,
JP9U,UK Job Vacancies (thousands) - Public Administration & Defence.,,,2024-12-17,2025-01-21,
JP9V,UK Job Vacancies (thousands) - Education.,,,2024-12-17,2025-01-21,
JP9W,UK Job Vacancies (thousands) - Human Health & Social Work.,,,2024-12-17,2025-01-21,
JP9X,"UK Job Vacancies (thousands) - Arts, Entertainment & Recreation.",,,2024-12-17,2025-01-21,
JP9Y,UK Job Vacancies (thousands) - Other Service Activities.,,,2024-12-17,2025-01-21,
JP9Z,UK Job Vacancies (thousands) - Total Services,,,2024-12-17,2025-01-21,
JPA2,UK Job Vacancies ratio per 100 emp jobs - Mining & Quarrying,,,2024-12-17,2025-01-21,
JPA3,UK Job Vacancies ratio per 100 emp jobs - Manufacturing,,,2024-12-17,2025-01-21,
JPA4,"UK Job Vacancies ratio per 100 emp jobs - Electricity, Gas, Steam&Air Con Supply",,,2024-12-17,2025-01-21,
JPA5,"UK Job Vacancies ratio per 100 emp jobs - Water Supply, Sewerage, Waste Manage'",,,2024-12-17,2025-01-21,
JPA6,UK Job Vacancies ratio per 100 emp jobs - Construction,,,2024-12-17,2025-01-21,
JPA7,"UK Job Vacancies ratio per 100 empjobs- Wholesale&Retail,Repair of MotorVehicles",,,2024-12-17,2025-01-21,
JPA8,UK Job Vacancies ratio per 100 emp jobs - Transport & Storage,,,2024-12-17,2025-01-21,
JPA9,UK Job Vacancies ratio per 100 emp jobs - Accommodation&Food Services Activities,,,2024-12-17,2025-01-21,
JPB2,UK Job Vacancies ratio per 100 emp jobs - Information & Communication,,,2024-12-17,2025-01-21,
JPB3,UK Job Vacancies ratio per 100 emp jobs - Financial & Insurance Activities,,,2024-12-17,2025-01-21,
JPB4,UK Job Vacancies ratio per 100 emp jobs - Real Estate Activities,,,2024-12-17,2025-01-21,
JPB5,"UK Job Vacancies ratio per 100 emp jobs - Professional, Scientific & Technical",,,2024-12-17,2025-01-21,
JPB6,UK Job Vacancies ratio per 100 emp jobs - Admin & Support Service Activities,,,2024-12-17,2025-01-21,
JPB7,UK Job Vacancies ratio per 100 emp jobs - Public Administration & Defence,,,2024-12-17,2025-01-21,
JPB8,UK Job Vacancies ratio per 100 emp jobs - Education,,,2024-12-17,2025-01-21,
JPB9,UK Job Vacancies ratio per 100 emp jobs - Human Health & Social Work,,,2024-12-17,2025-01-21,
JPC2,"UK Job Vacancies ratio per 100 emp jobs - Arts, Entertainment & Recreation",,,2024-12-17,2025-01-21,
JPC3,UK Job Vacancies ratio per 100 emp jobs - Other Service Activities,,,2024-12-17,2025-01-21,
JPC4,UK Job Vacancies ratio per 100 emp jobs - Total Services,,,2024-12-17,2025-01-21,
JPC5,"Number of unemployed people per vacancy (UK exc Agriculture, Forestry & Fishing)",,,2024-12-17,2025-01-21,
MGSC,LFS: Unemployed: UK: All: Aged 16+: 000s: SA: Annual = 4 quarter average,,000's,2024-12-17,2025-01-21,
VASQ,Claimant Count : E92000001 England : People : SA : Percentage (%),,%,2024-12-17,2025-01-21,
VASR,Claimant Count : E92000001 England : People : NSA : Thousands,,,2024-12-17,2025-01-21,
VASS,Claimant Count : E92000001 England : People : NSA : Percentage (%),,%,2024-12-17,2025-01-21,
ZMOK,Claimant Count : E12000006 East : Men : SA : Thousands,,,2024-12-17,2025-01-21,
ZMOL,Claimant Count : E12000006 East : Men : SA : Percentage (%),,%,2024-12-17,2025-01-21,
ZMOM,Claimant Count : E12000006 East : Women : SA : Thousands,,,2024-12-17,2025-01-21,
ZMON,Claimant Count : E12000006 East : Women : SA : Percentage (%),,%,2024-12-17,2025-01-21,
ZMOO,Claimant Count : E12000007 London : Men : SA : Thousands,,,2024-12-17,2025-01-21,
ZMOP,Claimant Count : E12000007 London : Men : SA : Percentage (%),,%,2024-12-17,2025-01-21,
ZMOQ,Claimant Count : E12000007 London : Women : SA : Thousands,,,2024-12-17,2025-01-21,
ZMOR,Claimant Count : E12000007 London : Women : SA : Percentage (%),,%,2024-12-17,2025-01-21,
ZMOS,Claimant Count : E12000008 South East : Men : SA : Thousands,,,2024-12-17,2025-01-21,
ZMOT,Claimant Count : E12000008 South East : Men : SA : Percentage (%),,%,2024-12-17,2025-01-21,
ZMOU,Claimant Count : E12000008 South East : Women : SA : Thousands,,,2024-12-17,2025-01-21,
ZMOV,Claimant Count : E12000008 South East : Women : SA : Percentage (%),,%,2024-12-17,2025-01-21,
ZMOW,Claimant Count : E12000009 South West  : Men : SA : Thousands,,,2024-12-17,2025-01-21,
ZMOX,Claimant Count : E12000009 South West  : Men : SA : Percentage (%),,%,2024-12-17,2025-01-21,
ZMOY,Claimant Count : E12000009 South West  : Women : SA : Thousands,,,2024-12-17,2025-01-21,
ZMOZ,Claimant Count : E12000009 South West  : Women : SA : Percentage (%),,%,2024-12-17,2025-01-21,
ZMPA,Claimant Count : E12000004 East Midlands : Men : SA : Thousands,,,2024-12-17,2025-01-21,
ZMPB,Claimant Count : E12000004 East Midlands : Men : SA : Percentage (%),,%,2024-12-17,2025-01-21,
ZMPC,Claimant Count : E12000004 East Midlands : Women : SA : Thousands,,,2024-12-17,2025-01-21,
ZMPD,Claimant Count : E12000004 East Midlands : Women : SA : Percentage (%),,%,2024-12-17,2025-01-21,
ZMPE,Claimant Count : E12000005 West Midlands : Men : SA : Thousands,,,2024-12-17,2025-01-21,
ZMPF,Claimant Count : E12000005 West Midlands : Men : SA : Percentage (%),,%,2024-12-17,2025-01-21,
ZMPG,Claimant Count : E12000005 West Midlands : Women : SA : Thousands,,,2024-12-17,2025-01-21,
ZMPH,Claimant Count : E12000005 West Midlands : Women : SA : Percentage (%),,%,2024-12-17,2025-01-21,
ZMPI,Claimant Count : E12000001 North East : Men : SA : Thousands,,,2024-12-17,2025-01-21,
ZMPJ,Claimant Count : E12000001 North East : Men : SA : Percentage (%),,%,2024-12-17,2025-01-21,
ZMPK,Claimant Count : E12000001 North East : Women : SA : Thousands,,,2024-12-17,2025-01-21,
ZMPL,Claimant Count : E12000001 North East : Women : SA : Percentage (%),,%,2024-12-17,2025-01-21,
ZMPU,Claimant Count : E12000002 North West : Men : SA : Thousands,,,2024-12-17,2025-01-21,
ZMPV,Claimant Count : E12000002 North West : Men : SA : Percentage (%),,%,2024-12-17,2025-01-21,
ZMPW,Claimant Count : E12000002 North West : Women : SA : Thousands,,,2024-12-17,2025-01-21,
ZMPX,Claimant Count : E12000002 North West : Women : SA : Percentage (%),,%,2024-12-17,2025-01-21,
ZMPY,Claimant Count : E12000003 Yorkshire and The Humber : Men : SA : Thousands,,,2024-12-17,2025-01-21,
ZMPZ,Claimant Count : E12000003 Yorkshire and The Humber : Men : SA : Percentage (%),,%,2024-12-17,2025-01-21,
ZMQA,Claimant Count : E12000003 Yorkshire and The Humber : Women : SA : Thousands,,,2024-12-17,2025-01-21,
ZMQB,Claimant Count : E12000003 Yorkshire and The Humber : Women : SA : Percentage (%),,%,2024-12-17,2025-01-21,
ZMQC,Claimant Count : W92000004 Wales  : Men : SA : Thousands,,,2024-12-17,2025-01-21,
ZMQD,Claimant Count : W92000004 Wales  : Men : SA : Percentage (%),,%,2024-12-17,2025-01-21,
ZMQE,Claimant Count : W92000004 Wales  : Women : SA : Thousands,,,2024-12-17,2025-01-21,
ZMQF,Claimant Count : W92000004 Wales  : Women : SA : Percentage (%),,%,2024-12-17,2025-01-21,
ZMQG,Claimant Count : S92000003 Scotland : Men : SA : Thousands,,,2024-12-17,2025-01-21,
ZMQH,Claimant Count : S92000003 Scotland : Men : SA : Percentage (%),,%,2024-12-17,2025-01-21,
ZMQI,Claimant Count : S92000003 Scotland : Women : SA : Thousands,,,2024-12-17,2025-01-21,
ZMQJ,Claimant Count : S92000003 Scotland : Women : SA : Percentage (%),,%,2024-12-17,2025-01-21,
ZMQK,Claimant Count : E92000001 England : Men : SA : Thousands,,,2024-12-17,2025-01-21,
ZMQL,Claimant Count : E92000001 England : Men : SA : Percentage (%),,%,2024-12-17,2025-01-21,
ZMQM,Claimant Count : E92000001 England : Women : SA : Thousands,,,2024-12-17,2025-01-21,
ZMQN,Claimant Count : E92000001 England : Women : SA : Percentage (%),,%,2024-12-17,2025-01-21,
ZMQO,Claimant Count : N92000002 Northern Ireland : Men : SA : Thousands,,,2024-12-17,2025-01-21,
ZMQP,Claimant Count : N92000002 Northern Ireland : Men : SA : Percentage (%),,%,2024-12-17,2025-01-21,
ZMQQ,Claimant Count : N92000002 Northern Ireland : Women : SA : Thousands,,,2024-12-17,2025-01-21,
ZMQR,Claimant Count : N92000002 Northern Ireland : Women : SA : Percentage (%),,%,2024-12-17,2025-01-21,
ZSDP,Claimant Count: K03000001 GB : Male : SA : Thousands,,,2024-12-17,2025-01-21,
ZSDQ,Claimant count Females SA (GB) - thousands.,,,2024-12-17,2025-01-21,
ZSDR,Claimant count rate - male - SA (GB) %,,,2024-12-17,2025-01-21,
ZSDS,Claimant count rate - female - SA (GB) %,,,2024-12-17,2025-01-21,
ZWJW,Claimant Count : K02000001 UK : People : All Ages : Percentage Over 12 Months : NSA : (%),,%,2024-12-17,2025-01-21,
ZWJX,Claimant Count : K02000001 UK : People : 18-24 yrs : Percentage Over 12 Months : NSA : (%),,%,2024-12-17,2025-01-21,
ZWJY,Claimant Count : K02000001 UK : Men : All Ages : Percentage Over 12 Months : NSA : (%),,%,2024-12-17,2025-01-21,
ZWJZ,Claimant Count : K02000001 UK : Men : 18-24 yrs : Percentage Over 12 Months : NSA : (%),,%,2024-12-17,2025-01-21,
ZWKA,Claimant Count : K02000001 UK : Women : All ages  : Percentage Over 12 Months : NSA : (%),,%,2024-12-17,2025-01-21,
ZWKB,Claimant Count : K02000001 UK : Women : 18-24 yrs : Percentage Over 12 Months : NSA : (%),,%,2024-12-17,2025-01-21,
ZWKC,Claimant Count : K02000001 UK : People : 25-49 yrs : Percentage Over 12 Months : NSA : (%),,%,2024-12-17,2025-01-21,
ZWKD,Claimant Count : K02000001 UK : People : 50+ yrs : Percentage Over 12 Months : NSA : (%),,%,2024-12-17,2025-01-21,
ZWKE,Claimant Count : K02000001 UK : Men : 25-49 yrs : Percentage Over 12 Months : NSA : (%),,%,2024-12-17,2025-01-21,
ZWKF,Claimant Count : K02000001 UK : Men : 50+ yrs : Percentage Over 12 Months : NSA : (%),,%,2024-12-17,2025-01-21,
ZWKG,Claimant Count : K02000001 UK : Women : 25-49 yrs : Percentage Over 12 Months : NSA : (%),,%,2024-12-17,2025-01-21,
ZWKH,Claimant Count : K02000001 UK : Women : 50+ yrs : Percentage Over 12 Months : NSA : (%),,%,2024-12-17,2025-01-21,
